method,k,fraction,coverage,quality,redundancy
EgoSelect,1,0.0125,0.16666666666666666,1.0,0.0
EgoSelect,2,0.025,0.3333333333333333,0.9997912026726058,-0.3861842454130183
EgoSelect,3,0.0375,0.5,0.9997039917458949,-0.11872051752034991
EgoSelect,4,0.05,0.6666666666666666,0.9992425113343021,-0.03513087822794491
EgoSelect,5,0.0625,0.8333333333333334,0.9988778573820485,-0.034726889683803684
EgoSelect,6,0.075,1.0,0.9983561477269243,0.017817751203896833
EgoSelect,7,0.0875,1.0,0.9985608451282015,0.031777387562954236
EgoSelect,8,0.1,1.0,0.9987407394871763,0.11962083528790517
EgoSelect,9,0.1125,1.0,0.9988249159618453,0.14024702220741048
EgoSelect,10,0.125,1.0,0.9988955493656608,0.14681953395952535
EgoSelect,11,0.1375,1.0,0.9989466728927158,0.19030745133317356
EgoSelect,12,0.15,1.0,0.9989208137880197,0.19787308244207472
EgoSelect,13,0.1625,1.0,0.998993544278205,0.23728120740788966
EgoSelect,14,0.175,1.0,0.9987794473186627,0.23637924329957707
EgoSelect,15,0.1875,1.0,0.9987842868851736,0.2673392887404254
EgoSelect,16,0.2,1.0,0.9988540022436203,0.31688768439313186
EgoSelect,17,0.2125,1.0,0.998758768172906,0.32031336098373875
EgoSelect,18,0.225,1.0,0.9988277254966333,0.3380591389165952
EgoSelect,19,0.2375,1.0,0.9987960742258292,0.35115566124807485
EgoSelect,20,0.25,1.0,0.9987402911330945,0.35344350359181387
EgoSelect,21,0.2625,1.0,0.9985882195040047,0.37646654446724687
EgoSelect,22,0.275,1.0,0.9985405345214655,0.3797609788700764
EgoSelect,23,0.2875,1.0,0.9985503568191593,0.3904263463328288
EgoSelect,24,0.3,1.0,0.9985956788113824,0.4064373500596627
EgoSelect,25,0.3125,1.0,0.9985613539213705,0.4125887004753863
EgoSelect,26,0.325,1.0,0.9984076563625218,0.41375854017487035
EgoSelect,27,0.3375,1.0,0.9983939738815489,0.42313768248970346
EgoSelect,28,0.35,1.0,0.9984172100281815,0.43300150179042307
EgoSelect,29,0.3625,1.0,0.9984706364941099,0.4486990708039704
EgoSelect,30,0.375,1.0,0.9984559058592897,0.47384662607054434
EgoSelect,31,0.3875,1.0,0.9983795664920501,0.4749734572582463
EgoSelect,32,0.4,1.0,0.9983304709966204,0.48745985504206174
EgoSelect,33,0.4125,1.0,0.9983527218210089,0.5094950950813145
EgoSelect,34,0.425,1.0,0.9983945568393255,0.5145604429029218
EgoSelect,35,0.4375,1.0,0.9982995493974954,0.5210873350982319
EgoSelect,36,0.45,1.0,0.9983264589332018,0.5325127889911448
EgoSelect,37,0.4625,1.0,0.9983716897728451,0.5460653971209732
EgoSelect,38,0.475,1.0,0.9984032295307457,0.5626261066751365
EgoSelect,39,0.4875,1.0,0.9983791058508558,0.5761689551686945
EgoSelect,40,0.5,1.0,0.9983552505221807,0.5846266723382413
EgoSelect,41,0.5125,1.0,0.9982439419079268,0.587104304079211
EgoSelect,42,0.525,1.0,0.9982070653222579,0.5997950698610953
EgoSelect,43,0.5375,1.0,0.9982136221982288,0.6023136139198717
EgoSelect,44,0.55,1.0,0.9982220880176311,0.6071874069869932
EgoSelect,45,0.5625,1.0,0.9982529455846105,0.6104051646316413
EgoSelect,46,0.575,1.0,0.9982780012650234,0.6174114122587059
EgoSelect,47,0.5875,1.0,0.9983146395359804,0.6252500968829074
EgoSelect,48,0.6,1.0,0.9983443781036483,0.6310317221913194
EgoSelect,49,0.6125,1.0,0.998355909080577,0.637471890906723
EgoSelect,50,0.625,1.0,0.9982155632870253,0.6391196719804256
EgoSelect,51,0.6375,1.0,0.9981529075505022,0.6423449500731807
EgoSelect,52,0.65,1.0,0.9979017954495267,0.6364232323916487
EgoSelect,53,0.6625,1.0,0.9979236066475493,0.6403161231522825
EgoSelect,54,0.675,1.0,0.9979543251419505,0.6483847133429654
EgoSelect,55,0.6875,1.0,0.9978467042462676,0.6501132894545235
EgoSelect,56,0.7,1.0,0.9978851559561556,0.6572122492545931
EgoSelect,57,0.7125,1.0,0.9978260975788875,0.6596265109239651
EgoSelect,58,0.725,1.0,0.9977611196387202,0.6598860314149315
EgoSelect,59,0.7375,1.0,0.9977433129722298,0.6725407121790012
EgoSelect,60,0.75,1.0,0.9977765668529716,0.6806823969790042
EgoSelect,61,0.7625,1.0,0.997745397748973,0.6841566840914529
EgoSelect,62,0.775,1.0,0.9977062961871739,0.6846272518147659
EgoSelect,63,0.7875,1.0,0.9976510162459344,0.6851701160728172
EgoSelect,64,0.8,1.0,0.9975749183149528,0.6868544739459619
EgoSelect,65,0.8125,1.0,0.9975942385711319,0.6953747481403384
EgoSelect,66,0.825,1.0,0.9974766062969418,0.6941997593244299
EgoSelect,67,0.8375,1.0,0.9972768621731068,0.6901806415166243
EgoSelect,68,0.85,1.0,0.9972373870725022,0.6916568082993806
EgoSelect,69,0.8625,1.0,0.9971527446341112,0.6917709078806288
EgoSelect,70,0.875,1.0,0.997140058366229,0.7000913883104227
EgoSelect,71,0.8875,1.0,0.9970757513107291,0.705057947476183
EgoSelect,72,0.9,1.0,0.9970000376186666,0.7078199501028437
EgoSelect,73,0.9125,1.0,0.9968358106761253,0.7089950637559593
EgoSelect,74,0.925,1.0,0.9968077147400883,0.7155834277060165
EgoSelect,75,0.9375,1.0,0.9967386034166503,0.718006811473494
EgoSelect,76,0.95,1.0,0.996587549179874,0.7191257242655901
EgoSelect,77,0.9625,1.0,0.9963325001652741,0.7165523987759838
EgoSelect,78,0.975,1.0,0.9961107664077801,0.7144898673822561
EgoSelect,79,0.9875,1.0,0.996030868739007,0.7221687844083738
EgoSelect,80,1.0,1.0,0.9957156180149047,0.7216681152708333
Dedup-only,1,0.0125,0.16666666666666666,1.0,0.0
Dedup-only,2,0.025,0.3333333333333333,0.9956693097014926,-0.4866853074423584
Dedup-only,3,0.0375,0.5,0.992199033608211,-0.16138301104055905
Dedup-only,4,0.05,0.6666666666666666,0.9938569589478063,-0.11470154796446225
Dedup-only,5,0.0625,0.8333333333333334,0.9948985167985329,-0.050559556035050815
Dedup-only,6,0.075,0.8333333333333334,0.995338622313468,-0.01366289511245126
Dedup-only,7,0.0875,1.0,0.9954709199661658,0.022143569461247074
Dedup-only,8,0.1,1.0,0.9957198557222747,0.05387562846667186
Dedup-only,9,0.1125,1.0,0.9952395449557474,0.0876333044190912
Dedup-only,10,0.125,1.0,0.9957122482141834,0.11159259341983918
Dedup-only,11,0.1375,1.0,0.9961020438310758,0.14889326129169697
Dedup-only,12,0.15,1.0,0.9958252692337446,0.17253048895971823
Dedup-only,13,0.1625,1.0,0.9960901171913741,0.21483559841103952
Dedup-only,14,0.175,1.0,0.9952332338205616,0.24301189334263615
Dedup-only,15,0.1875,1.0,0.9955443337405455,0.27808207211340724
Dedup-only,16,0.2,1.0,0.9956889422629817,0.2866032183415541
Dedup-only,17,0.2125,1.0,0.9956228407999417,0.3083296810432486
Dedup-only,18,0.225,1.0,0.995037965105488,0.3198469771969648
Dedup-only,19,0.2375,1.0,0.9951311517124781,0.33230094716027464
Dedup-only,20,0.25,1.0,0.9953640456036474,0.34330631362563574
Dedup-only,21,0.2625,1.0,0.9955649198770553,0.351791070132695
Dedup-only,22,0.275,1.0,0.9956492072268724,0.35783444448890295
Dedup-only,23,0.2875,1.0,0.9949269489596496,0.37018745430173633
Dedup-only,24,0.3,1.0,0.9951327556763486,0.37696172392743404
Dedup-only,25,0.3125,1.0,0.9944053964515218,0.38631130060293045
Dedup-only,26,0.325,1.0,0.9946205735110787,0.3941684448601184
Dedup-only,27,0.3375,1.0,0.9947360173277457,0.40036910149955846
Dedup-only,28,0.35,1.0,0.9947282605821792,0.4073700896782703
Dedup-only,29,0.3625,1.0,0.9948927456572488,0.4224842597785805
Dedup-only,30,0.375,1.0,0.9949070241659216,0.4316707730023827
Dedup-only,31,0.3875,1.0,0.9949964883015736,0.44128471510324335
Dedup-only,32,0.4,1.0,0.9949838653962741,0.45601730550350905
Dedup-only,33,0.4125,1.0,0.9950173660047161,0.4714573950659624
Dedup-only,34,0.425,1.0,0.9951358136512617,0.4779707918660074
Dedup-only,35,0.4375,1.0,0.9949842335033564,0.48116129714796957
Dedup-only,36,0.45,1.0,0.9949023152360241,0.4884472722127109
Dedup-only,37,0.4625,1.0,0.995028804157894,0.4959701335681196
Dedup-only,38,0.475,1.0,0.9950918591196299,0.506563459396133
Dedup-only,39,0.4875,1.0,0.9951789655778192,0.5120193338680643
Dedup-only,40,0.5,1.0,0.995270792458782,0.5164471976278333
Dedup-only,41,0.5125,1.0,0.9953746650791159,0.5201165112828429
Dedup-only,42,0.525,1.0,0.9952853722315711,0.5231130052361465
Dedup-only,43,0.5375,1.0,0.9953537670948217,0.528589576382591
Dedup-only,44,0.55,1.0,0.9953243036846935,0.5319097837238962
Dedup-only,45,0.5625,1.0,0.9954161615619951,0.5386441204893448
Dedup-only,46,0.575,1.0,0.9954731630362181,0.5409561799063802
Dedup-only,47,0.5875,1.0,0.9955106494193088,0.5464141955873045
Dedup-only,48,0.6,1.0,0.9955917922831482,0.5540079503838323
Dedup-only,49,0.6125,1.0,0.9956817557059411,0.5633609025836996
Dedup-only,50,0.625,1.0,0.9951843368080385,0.5680846021941924
Dedup-only,51,0.6375,1.0,0.9951570281909744,0.5784885818281285
Dedup-only,52,0.65,1.0,0.9951553410406723,0.582611070137905
Dedup-only,53,0.6625,1.0,0.9951527897139492,0.5902018466808674
Dedup-only,54,0.675,1.0,0.9951600859585467,0.5947203748393236
Dedup-only,55,0.6875,1.0,0.9952223774547899,0.5987574681853945
Dedup-only,56,0.7,1.0,0.9953000171533306,0.6107035646210355
Dedup-only,57,0.7125,1.0,0.9953247629281106,0.6181259342374136
Dedup-only,58,0.725,1.0,0.9953986580247242,0.6204338750435986
Dedup-only,59,0.7375,1.0,0.9953787428020864,0.6235448998594891
Dedup-only,60,0.75,1.0,0.995452015629448,0.6286830752174417
Dedup-only,61,0.7625,1.0,0.995522344730343,0.6331762725366098
Dedup-only,62,0.775,1.0,0.9955793680241234,0.6361628382815849
Dedup-only,63,0.7875,1.0,0.995516590205998,0.6422227226771301
Dedup-only,64,0.8,1.0,0.9953524477154848,0.6448949394534751
Dedup-only,65,0.8125,1.0,0.9953097063264118,0.6493114699594145
Dedup-only,66,0.825,1.0,0.9953182751928153,0.6517076184710784
Dedup-only,67,0.8375,1.0,0.9953718740104324,0.6566357944265167
Dedup-only,68,0.85,1.0,0.9954217942068735,0.6591277031333509
Dedup-only,69,0.8625,1.0,0.9954683821696197,0.6610540988557794
Dedup-only,70,0.875,1.0,0.9955049583879038,0.664913000246676
Dedup-only,71,0.8875,1.0,0.9955616667204685,0.6694735219414598
Dedup-only,72,0.9,1.0,0.9956196789301389,0.676300859139206
Dedup-only,73,0.9125,1.0,0.9956796833283562,0.6803927260849143
Dedup-only,74,0.925,1.0,0.9956806011138015,0.6842613646572444
Dedup-only,75,0.9375,1.0,0.9956941281030819,0.6900727660207259
Dedup-only,76,0.95,1.0,0.9957507843122518,0.6930460074106802
Dedup-only,77,0.9625,1.0,0.9958012687319956,0.7004545260261374
Dedup-only,78,0.975,1.0,0.9958037676821573,0.7078947552969349
Dedup-only,79,0.9875,1.0,0.9957905138052868,0.7140800621420393
Dedup-only,80,1.0,1.0,0.9957156180149047,0.7216681152708333
Diversity-only,1,0.0125,0.16666666666666666,0.9950692963752665,0.0
Diversity-only,2,0.025,0.3333333333333333,0.9950447085498062,-0.14916006206250296
Diversity-only,3,0.0375,0.5,0.996241926911992,-0.09106472966037527
Diversity-only,4,0.05,0.6666666666666666,0.9970560271237934,0.15533774701543218
Diversity-only,5,0.0625,0.8333333333333334,0.9946965179833642,0.13618212828882803
Diversity-only,6,0.075,1.0,0.99173856082875,0.1872958786536847
Diversity-only,7,0.0875,1.0,0.9926371546317145,0.34123447406213075
Diversity-only,8,0.1,1.0,0.9925105559880294,0.3104635868130009
Diversity-only,9,0.1125,1.0,0.992884411045921,0.2885239841477141
Diversity-only,10,0.125,1.0,0.9929751296751059,0.3187904843357717
Diversity-only,11,0.1375,1.0,0.9936137542500962,0.3009789307297676
Diversity-only,12,0.15,1.0,0.9929038645875696,0.34519191344198
Diversity-only,13,0.1625,1.0,0.9922261634654489,0.39319347104409086
Diversity-only,14,0.175,1.0,0.9927790501850673,0.392110762296774
Diversity-only,15,0.1875,1.0,0.9926830214662618,0.42024378084107794
Diversity-only,16,0.2,1.0,0.9928006587115771,0.4185252318128555
Diversity-only,17,0.2125,1.0,0.9931922616205,0.39981275176049885
Diversity-only,18,0.225,1.0,0.9919488476866284,0.41527231909509105
Diversity-only,19,0.2375,1.0,0.9922535165747576,0.41578003210068915
Diversity-only,20,0.25,1.0,0.9924755970115113,0.4493029688735306
Diversity-only,21,0.2625,1.0,0.9928291272785975,0.4742462913590383
Diversity-only,22,0.275,1.0,0.9930496402373492,0.4667112540578152
Diversity-only,23,0.2875,1.0,0.9930055330913513,0.4713162328438304
Diversity-only,24,0.3,1.0,0.992672447163093,0.48474485842451576
Diversity-only,25,0.3125,1.0,0.9921270399597991,0.4959306398028617
Diversity-only,26,0.325,1.0,0.9922585686891225,0.5081485397893138
Diversity-only,27,0.3375,1.0,0.9924428818132838,0.5047738663953155
Diversity-only,28,0.35,1.0,0.9927127788913808,0.499040941812434
Diversity-only,29,0.3625,1.0,0.9929567875342941,0.4957858179100442
Diversity-only,30,0.375,1.0,0.9931532959770285,0.49060067218469733
Diversity-only,31,0.3875,1.0,0.9933169429245873,0.49297024834102365
Diversity-only,32,0.4,1.0,0.993458853148804,0.504723360827344
Diversity-only,33,0.4125,1.0,0.9936530185127926,0.503665394118862
Diversity-only,34,0.425,1.0,0.9937429452128806,0.5193359422900328
Diversity-only,35,0.4375,1.0,0.9938149955177228,0.5145789727638347
Diversity-only,36,0.45,1.0,0.9939737336947991,0.51636053298646
Diversity-only,37,0.4625,1.0,0.9940309134726387,0.5205743025847109
Diversity-only,38,0.475,1.0,0.9940316098825477,0.5244547021013425
Diversity-only,39,0.4875,1.0,0.9941184722335858,0.5264474699978362
Diversity-only,40,0.5,1.0,0.994236278801911,0.5268992038287246
Diversity-only,41,0.5125,1.0,0.9942990161637741,0.5322978797650318
Diversity-only,42,0.525,1.0,0.994192623123555,0.540949765900828
Diversity-only,43,0.5375,1.0,0.9943179668961517,0.5400098425267674
Diversity-only,44,0.55,1.0,0.9942567486821989,0.5470638145758672
Diversity-only,45,0.5625,1.0,0.9943407815865113,0.5530320152774428
Diversity-only,46,0.575,1.0,0.9944638080737611,0.5606757854412744
Diversity-only,47,0.5875,1.0,0.9945727143986854,0.5650612611204564
Diversity-only,48,0.6,1.0,0.9946329163073596,0.5742222576949755
Diversity-only,49,0.6125,1.0,0.9946245641355583,0.5804036770460201
Diversity-only,50,0.625,1.0,0.9947174387065058,0.5845220276469034
Diversity-only,51,0.6375,1.0,0.9948210183397115,0.5894235841885586
Diversity-only,52,0.65,1.0,0.9947817823843921,0.5924851572318315
Diversity-only,53,0.6625,1.0,0.9948625930601854,0.6009976838668687
Diversity-only,54,0.675,1.0,0.9949505205689172,0.6090283284883591
Diversity-only,55,0.6875,1.0,0.9949650129122334,0.6155309403419771
Diversity-only,56,0.7,1.0,0.9949570453325842,0.6186919101470499
Diversity-only,57,0.7125,1.0,0.99502875657214,0.6188416387797132
Diversity-only,58,0.725,1.0,0.9951144676657238,0.621125288065642
Diversity-only,59,0.7375,1.0,0.9951716633152711,0.6224229252540888
Diversity-only,60,0.75,1.0,0.9951741539419737,0.6256424276349816
Diversity-only,61,0.7625,1.0,0.9952300877831205,0.6287755109339692
Diversity-only,62,0.775,1.0,0.9952673307202983,0.635610547506139
Diversity-only,63,0.7875,1.0,0.9952566199998489,0.6407314877139022
Diversity-only,64,0.8,1.0,0.9952904992608491,0.6459036637643814
Diversity-only,65,0.8125,1.0,0.99535380707043,0.6499807524114007
Diversity-only,66,0.825,1.0,0.995417101660272,0.6554873167337478
Diversity-only,67,0.8375,1.0,0.9954692254559867,0.6573297476988399
Diversity-only,68,0.85,1.0,0.9954093406525681,0.6605725781723977
Diversity-only,69,0.8625,1.0,0.9953682524898605,0.6645058657690228
Diversity-only,70,0.875,1.0,0.9954312076320593,0.668324859419989
Diversity-only,71,0.8875,1.0,0.9954895033072846,0.67427170639597
Diversity-only,72,0.9,1.0,0.9955485670222397,0.6774452675805632
Diversity-only,73,0.9125,1.0,0.9955966385554245,0.680252487856233
Diversity-only,74,0.925,1.0,0.9956394738096542,0.6822232054053549
Diversity-only,75,0.9375,1.0,0.9956277036443174,0.6890806826140861
Diversity-only,76,0.95,1.0,0.9956325521074791,0.6968663632263788
Diversity-only,77,0.9625,1.0,0.9956892722099794,0.7011400151719615
Diversity-only,78,0.975,1.0,0.9957398980102684,0.7083497834492554
Diversity-only,79,0.9875,1.0,0.995790513805287,0.7140800621420395
Diversity-only,80,1.0,1.0,0.9957156180149047,0.7216681152708333
Random,1,0.0125,0.16666666666666666,0.9996380846325167,0.0
Random,2,0.025,0.3333333333333333,0.9958366302559568,0.21577469848619713
Random,3,0.0375,0.3333333333333333,0.9972132793506735,0.12525381189817833
Random,4,0.05,0.5,0.9970837408404631,0.21665915063757962
Random,5,0.0625,0.5,0.9971748226499992,0.3672377498230984
Random,6,0.075,0.6666666666666666,0.997113770648049,0.3145896897046244
Random,7,0.0875,0.6666666666666666,0.9973620949578029,0.333804247595773
Random,8,0.1,0.6666666666666666,0.9975213785426229,0.30773956060871466
Random,9,0.1125,0.6666666666666666,0.9968661548692462,0.34998418781369023
Random,10,0.125,0.6666666666666666,0.9971584423359081,0.37685640405852705
Random,11,0.1375,0.6666666666666666,0.9955110627672569,0.3691850354673197
Random,12,0.15,0.6666666666666666,0.995782344817354,0.3810093192165677
Random,13,0.1625,0.6666666666666666,0.9956887196307348,0.39575749381938086
Random,14,0.175,0.6666666666666666,0.9959579473830583,0.4171203147264893
Random,15,0.1875,0.6666666666666666,0.9961650674376171,0.45600395672232186
Random,16,0.2,0.6666666666666666,0.9959535475142098,0.48934848869125913
Random,17,0.2125,0.6666666666666666,0.9944745630022451,0.49975124487832556
Random,18,0.225,0.6666666666666666,0.9946384702078905,0.5112845650302512
Random,19,0.2375,0.6666666666666666,0.9944678696087137,0.5356738377430251
Random,20,0.25,0.6666666666666666,0.9945105311741494,0.5271603050838864
Random,21,0.2625,0.6666666666666666,0.994058194966483,0.5540462911698867
Random,22,0.275,0.8333333333333334,0.994202596242619,0.54390892597693
Random,23,0.2875,0.8333333333333334,0.994432845438992,0.5311522725904216
Random,24,0.3,0.8333333333333334,0.9945909081853403,0.5342401629269747
Random,25,0.3125,0.8333333333333334,0.994642281918289,0.5502154183809173
Random,26,0.325,0.8333333333333334,0.9947507482297024,0.5734903657291981
Random,27,0.3375,0.8333333333333334,0.9949451649619356,0.5734900502864517
Random,28,0.35,0.8333333333333334,0.9950920443898924,0.5779196689692869
Random,29,0.3625,0.8333333333333334,0.9950804811836683,0.5974812723251683
Random,30,0.375,0.8333333333333334,0.9952305453223864,0.6150275486809106
Random,31,0.3875,0.8333333333333334,0.9953843986990837,0.6378288160878122
Random,32,0.4,0.8333333333333334,0.9955286362397373,0.6560197457837209
Random,33,0.4125,0.8333333333333334,0.9954840526279023,0.6553425129103613
Random,34,0.425,1.0,0.9951833005336006,0.6460356145888562
Random,35,0.4375,1.0,0.9951087564448047,0.6583169839650147
Random,36,0.45,1.0,0.9948027840435602,0.6516146332479686
Random,37,0.4625,1.0,0.9943202432601039,0.6482971072038612
Random,38,0.475,1.0,0.9944637924491481,0.6504725873751396
Random,39,0.4875,1.0,0.994602318544309,0.645645803914633
Random,40,0.5,1.0,0.9946792708899796,0.6443841434962305
Random,41,0.5125,1.0,0.9946753576597821,0.646890098399884
Random,42,0.525,1.0,0.9947090249887125,0.6427193802129407
Random,43,0.5375,1.0,0.9947285078243753,0.6438510101398937
Random,44,0.55,1.0,0.9948483144647304,0.6531277352223037
Random,45,0.5625,1.0,0.9947703212411361,0.6578948858055794
Random,46,0.575,1.0,0.9946622457918661,0.672312916819492
Random,47,0.5875,1.0,0.9945976100405972,0.6766045874145254
Random,48,0.6,1.0,0.9947014599427767,0.6751786990703416
Random,49,0.6125,1.0,0.9946917089212729,0.6775132349628117
Random,50,0.625,1.0,0.9947744894421794,0.6906624892151894
Random,51,0.6375,1.0,0.9948384843428476,0.6903880316379603
Random,52,0.65,1.0,0.9949286975264943,0.6890475407175262
Random,53,0.6625,1.0,0.9950243824788245,0.685024165800495
Random,54,0.675,1.0,0.9951055144122464,0.6884908959615058
Random,55,0.6875,1.0,0.9950816250108923,0.6927594722593465
Random,56,0.7,1.0,0.9951694531356977,0.6868077218350974
Random,57,0.7125,1.0,0.9951886680961654,0.6835336016296808
Random,58,0.725,1.0,0.9951983048436678,0.6910456408792416
Random,59,0.7375,1.0,0.9951880379027919,0.6956635840320909
Random,60,0.75,1.0,0.9952560421491276,0.6971745444163925
Random,61,0.7625,1.0,0.9953181494251625,0.6958954300814918
Random,62,0.775,1.0,0.9953873837655905,0.6968001247736635
Random,63,0.7875,1.0,0.9953970473065274,0.7060698435732614
Random,64,0.8,1.0,0.9953911578286807,0.7098913558583961
Random,65,0.8125,1.0,0.9954114558054056,0.7125271616926936
Random,66,0.825,1.0,0.9954580854293995,0.7111305459249168
Random,67,0.8375,1.0,0.9953740917435067,0.7097379330945505
Random,68,0.85,1.0,0.9954352264237493,0.7138404640869295
Random,69,0.8625,1.0,0.9954975933714738,0.7181576997251418
Random,70,0.875,1.0,0.9955250454886388,0.7150458605939938
Random,71,0.8875,1.0,0.9955844404927994,0.7167423681006935
Random,72,0.9,1.0,0.9956183887838647,0.719166526023739
Random,73,0.9125,1.0,0.995663471074129,0.7207451438192326
Random,74,0.925,1.0,0.9956931278177155,0.7227495317122602
Random,75,0.9375,1.0,0.9956848100651494,0.7236254335612751
Random,76,0.95,1.0,0.9955454714892893,0.7191610741342597
Random,77,0.9625,1.0,0.9956020203351468,0.7194175028666296
Random,78,0.975,1.0,0.9956402780007465,0.7206654901231244
Random,79,0.9875,1.0,0.9956668258306243,0.7180975981197245
Random,80,1.0,1.0,0.9957156180149047,0.7216681152708333
